{
  "bayesian_loss_distributions": {},
  "product_evaluations": {
    "S001_R30_max": {
      "rmse": 4023318055.847702,
      "mae": 1074921700.1366303,
      "correlation": -0.1668685281625383,
      "trigger_rate": 0.28,
      "coverage_rate": 0.08,
      "payouts": "[1.25e+08 0.00e+00 0.00e+00 0.00e+00 1.25e+08 1.25e+08 0.00e+00 1.25e+08\n 0.00e+00 0.00e+00 0.00e+00 0.00e+00 1.25e+08 0.00e+00 0.00e+00 0.00e+00\n 0.00e+00 0.00e+00 0.00e+00 0.00e+00 1.25e+08 0.00e+00 0.00e+00 0.00e+00\n 1.25e+08 0.00e+00 0.00e+00 0.00e+00 0.00e+00 1.25e+08 0.00e+00 0.00e+00\n 0.00e+00 1.25e+08 1.25e+08 1.25e+08 0.00e+00 0.00e+00 0.00e+00 0.00e+00\n 1.25e+08 1.25e+08 0.00e+00 0.00e+00 0.00e+00 1.25e+08 0.00e+00 0.00e+00\n 0.00e+00 0.00e+00]",
      "product_config": {
        "thresholds": [
          33.0
        ],
        "ratios": [
          0.25
        ],
        "max_payout": 500000000.0
      },
      "bayesian_metrics": {
        "mean_crps": 462698860.77263206,
        "std_crps": 1648983149.565349,
        "crps_samples": 50,
        "coverage_80": 0.56,
        "coverage_95": 0.56
      }
    },
    "S002_R30_max": {
      "rmse": 4024947177.822379,
      "mae": 1109921700.1366303,
      "correlation": -0.1668685281625383,
      "trigger_rate": 0.28,
      "coverage_rate": 0.08,
      "payouts": "[2.5e+08 0.0e+00 0.0e+00 0.0e+00 2.5e+08 2.5e+08 0.0e+00 2.5e+08 0.0e+00\n 0.0e+00 0.0e+00 0.0e+00 2.5e+08 0.0e+00 0.0e+00 0.0e+00 0.0e+00 0.0e+00\n 0.0e+00 0.0e+00 2.5e+08 0.0e+00 0.0e+00 0.0e+00 2.5e+08 0.0e+00 0.0e+00\n 0.0e+00 0.0e+00 2.5e+08 0.0e+00 0.0e+00 0.0e+00 2.5e+08 2.5e+08 2.5e+08\n 0.0e+00 0.0e+00 0.0e+00 0.0e+00 2.5e+08 2.5e+08 0.0e+00 0.0e+00 0.0e+00\n 2.5e+08 0.0e+00 0.0e+00 0.0e+00 0.0e+00]",
      "product_config": {
        "thresholds": [
          33.0
        ],
        "ratios": [
          0.5
        ],
        "max_payout": 500000000.0
      },
      "bayesian_metrics": {
        "mean_crps": 480233860.77263206,
        "std_crps": 1644962419.8803322,
        "crps_samples": 50,
        "coverage_80": 0.56,
        "coverage_95": 0.56
      }
    },
    "S003_R30_max": {
      "rmse": 4027662025.2958827,
      "mae": 1144921700.1366303,
      "correlation": -0.16686852816253825,
      "trigger_rate": 0.28,
      "coverage_rate": 0.08,
      "payouts": "[3.75e+08 0.00e+00 0.00e+00 0.00e+00 3.75e+08 3.75e+08 0.00e+00 3.75e+08\n 0.00e+00 0.00e+00 0.00e+00 0.00e+00 3.75e+08 0.00e+00 0.00e+00 0.00e+00\n 0.00e+00 0.00e+00 0.00e+00 0.00e+00 3.75e+08 0.00e+00 0.00e+00 0.00e+00\n 3.75e+08 0.00e+00 0.00e+00 0.00e+00 0.00e+00 3.75e+08 0.00e+00 0.00e+00\n 0.00e+00 3.75e+08 3.75e+08 3.75e+08 0.00e+00 0.00e+00 0.00e+00 0.00e+00\n 3.75e+08 3.75e+08 0.00e+00 0.00e+00 0.00e+00 3.75e+08 0.00e+00 0.00e+00\n 0.00e+00 0.00e+00]",
      "product_config": {
        "thresholds": [
          33.0
        ],
        "ratios": [
          0.75
        ],
        "max_payout": 500000000.0
      },
      "bayesian_metrics": {
        "mean_crps": 497768860.77263206,
        "std_crps": 1641413599.427841,
        "crps_samples": 50,
        "coverage_80": 0.56,
        "coverage_95": 0.56
      }
    },
    "S004_R30_max": {
      "rmse": 4031460404.8360357,
      "mae": 1179921700.1366303,
      "correlation": -0.1668685281625383,
      "trigger_rate": 0.28,
      "coverage_rate": 0.08,
      "payouts": "[5.e+08 0.e+00 0.e+00 0.e+00 5.e+08 5.e+08 0.e+00 5.e+08 0.e+00 0.e+00\n 0.e+00 0.e+00 5.e+08 0.e+00 0.e+00 0.e+00 0.e+00 0.e+00 0.e+00 0.e+00\n 5.e+08 0.e+00 0.e+00 0.e+00 5.e+08 0.e+00 0.e+00 0.e+00 0.e+00 5.e+08\n 0.e+00 0.e+00 0.e+00 5.e+08 5.e+08 5.e+08 0.e+00 0.e+00 0.e+00 0.e+00\n 5.e+08 5.e+08 0.e+00 0.e+00 0.e+00 5.e+08 0.e+00 0.e+00 0.e+00 0.e+00]",
      "product_config": {
        "thresholds": [
          33.0
        ],
        "ratios": [
          1.0
        ],
        "max_payout": 500000000.0
      },
      "bayesian_metrics": {
        "mean_crps": 515303860.77263206,
        "std_crps": 1638339754.829492,
        "crps_samples": 50,
        "coverage_80": 0.56,
        "coverage_95": 0.56
      }
    },
    "S005_R30_max": {
      "rmse": 4023202032.367989,
      "mae": 1067453018.0549119,
      "correlation": -0.14211294482568454,
      "trigger_rate": 0.22,
      "coverage_rate": 0.06,
      "payouts": "[0.00e+00 0.00e+00 0.00e+00 0.00e+00 1.25e+08 1.25e+08 0.00e+00 0.00e+00\n 0.00e+00 0.00e+00 0.00e+00 0.00e+00 1.25e+08 0.00e+00 0.00e+00 0.00e+00\n 0.00e+00 0.00e+00 0.00e+00 0.00e+00 1.25e+08 0.00e+00 0.00e+00 0.00e+00\n 1.25e+08 0.00e+00 0.00e+00 0.00e+00 0.00e+00 1.25e+08 0.00e+00 0.00e+00\n 0.00e+00 0.00e+00 1.25e+08 1.25e+08 0.00e+00 0.00e+00 0.00e+00 0.00e+00\n 1.25e+08 1.25e+08 0.00e+00 0.00e+00 0.00e+00 1.25e+08 0.00e+00 0.00e+00\n 0.00e+00 0.00e+00]",
      "product_config": {
        "thresholds": [
          42.0
        ],
        "ratios": [
          0.25
        ],
        "max_payout": 500000000.0
      },
      "bayesian_metrics": {
        "mean_crps": 458957760.87051046,
        "std_crps": 1649957371.7122219,
        "crps_samples": 50,
        "coverage_80": 0.6,
        "coverage_95": 0.6
      }
    },
    "S006_R30_max": {
      "rmse": 4024482278.9695454,
      "mae": 1094953018.0549119,
      "correlation": -0.14211294482568454,
      "trigger_rate": 0.22,
      "coverage_rate": 0.06,
      "payouts": "[0.0e+00 0.0e+00 0.0e+00 0.0e+00 2.5e+08 2.5e+08 0.0e+00 0.0e+00 0.0e+00\n 0.0e+00 0.0e+00 0.0e+00 2.5e+08 0.0e+00 0.0e+00 0.0e+00 0.0e+00 0.0e+00\n 0.0e+00 0.0e+00 2.5e+08 0.0e+00 0.0e+00 0.0e+00 2.5e+08 0.0e+00 0.0e+00\n 0.0e+00 0.0e+00 2.5e+08 0.0e+00 0.0e+00 0.0e+00 0.0e+00 2.5e+08 2.5e+08\n 0.0e+00 0.0e+00 0.0e+00 0.0e+00 2.5e+08 2.5e+08 0.0e+00 0.0e+00 0.0e+00\n 2.5e+08 0.0e+00 0.0e+00 0.0e+00 0.0e+00]",
      "product_config": {
        "thresholds": [
          42.0
        ],
        "ratios": [
          0.5
        ],
        "max_payout": 500000000.0
      },
      "bayesian_metrics": {
        "mean_crps": 472735260.87051046,
        "std_crps": 1646848036.4942262,
        "crps_samples": 50,
        "coverage_80": 0.6,
        "coverage_95": 0.6
      }
    },
    "S007_R30_max": {
      "rmse": 4026615903.4889193,
      "mae": 1122453018.0549119,
      "correlation": -0.14211294482568454,
      "trigger_rate": 0.22,
      "coverage_rate": 0.06,
      "payouts": "[0.00e+00 0.00e+00 0.00e+00 0.00e+00 3.75e+08 3.75e+08 0.00e+00 0.00e+00\n 0.00e+00 0.00e+00 0.00e+00 0.00e+00 3.75e+08 0.00e+00 0.00e+00 0.00e+00\n 0.00e+00 0.00e+00 0.00e+00 0.00e+00 3.75e+08 0.00e+00 0.00e+00 0.00e+00\n 3.75e+08 0.00e+00 0.00e+00 0.00e+00 0.00e+00 3.75e+08 0.00e+00 0.00e+00\n 0.00e+00 0.00e+00 3.75e+08 3.75e+08 0.00e+00 0.00e+00 0.00e+00 0.00e+00\n 3.75e+08 3.75e+08 0.00e+00 0.00e+00 0.00e+00 3.75e+08 0.00e+00 0.00e+00\n 0.00e+00 0.00e+00]",
      "product_config": {
        "thresholds": [
          42.0
        ],
        "ratios": [
          0.75
        ],
        "max_payout": 500000000.0
      },
      "bayesian_metrics": {
        "mean_crps": 486512760.87051046,
        "std_crps": 1644142200.360046,
        "crps_samples": 50,
        "coverage_80": 0.6,
        "coverage_95": 0.6
      }
    },
    "S008_R30_max": {
      "rmse": 4029601550.366968,
      "mae": 1149953018.0549119,
      "correlation": -0.14211294482568454,
      "trigger_rate": 0.22,
      "coverage_rate": 0.06,
      "payouts": "[0.e+00 0.e+00 0.e+00 0.e+00 5.e+08 5.e+08 0.e+00 0.e+00 0.e+00 0.e+00\n 0.e+00 0.e+00 5.e+08 0.e+00 0.e+00 0.e+00 0.e+00 0.e+00 0.e+00 0.e+00\n 5.e+08 0.e+00 0.e+00 0.e+00 5.e+08 0.e+00 0.e+00 0.e+00 0.e+00 5.e+08\n 0.e+00 0.e+00 0.e+00 0.e+00 5.e+08 5.e+08 0.e+00 0.e+00 0.e+00 0.e+00\n 5.e+08 5.e+08 0.e+00 0.e+00 0.e+00 5.e+08 0.e+00 0.e+00 0.e+00 0.e+00]",
      "product_config": {
        "thresholds": [
          42.0
        ],
        "ratios": [
          1.0
        ],
        "max_payout": 500000000.0
      },
      "bayesian_metrics": {
        "mean_crps": 500290260.87051046,