hospital_id,spatial_effect,region_effect,individual_effect,total_vulnerability,risk_category
0,-0.9643002720864791,-0.8037416172806138,0.15636457435546203,-1.6116773150116308,低風險
1,0.5745105185040655,-0.8037416172806138,-0.2473901421756164,-0.4766212409521646,高風險
2,-0.8687762497858018,-0.8037416172806138,-0.26409132261685525,-1.936609189683271,低風險
3,-0.866246382228775,-0.8037416172806138,0.10438831312337954,-1.5655996863860093,低風險
4,0.8588188281070321,0.12994139712421174,0.059396934646637214,1.0481571598778812,高風險
5,-1.1859422627325595,0.12994139712421174,0.050098570069175334,-1.0059022955391723,低風險
6,-0.18739131727196792,0.12994139712421174,0.06928964189939517,0.011839721751638985,中風險
7,1.3536565306398516,-0.8037416172806138,-0.13600494431569818,0.4139099690435396,高風險
