product_id,epsilon,total_score,basis_risk_score,skill_score,premium_score,market_score,combined_basis_risk,loss_ratio,payout_frequency,correlation
TC_PARAM_002,0.0,1.1047403329056504,2.021349895279278,0.07219230622369964,1.0,0.7454268292682927,7.5269153628923915,0.7142857142857143,0.3018292682926829,0.7011919226545118
TC_PARAM_000,0.0,1.0699101313847246,1.988418621144738,0.0,1.0,0.7454268292682927,7.599945576393189,0.7142857142857143,0.3018292682926829,0.701191922654511
TC_PARAM_001,0.0,1.0476065111161847,1.9326595704733889,0.0,1.0,0.7454268292682927,7.723599928742083,0.7142857142857144,0.3018292682926829,0.7011919226545122
TC_PARAM_003,0.0,1.0231393764514538,1.8714917338115613,0.0,1.0,0.7454268292682927,7.859249103825469,0.7142857142857144,0.3018292682926829,0.7011919226545122
TC_PARAM_004,0.0,0.8570999985888227,1.3229996893687794,0.09300040947103605,1.0,1.0,9.0756153745472,0.7142857142857144,0.25,0.640669183559194
